crate	pool	repo_head	cargo_lock_sha256	remote
bandwhich	core	1899870cea8bb377948f05cfea64733ec6ea2cd6	46b07965b52c9b84eec42919a17be2cc92e74f5f6e4ff6c1e43fef1be37ddb31	https://github.com/imsnif/bandwhich
bat	core	78951393e29bfd2f2a45f4326b9d2bb5e737dd2a	1bb01d988467e71a177a225214580964ba0ac02bed341c8686666c7e9cb44d0f	https://github.com/sharkdp/bat
bore	core	00a735a89917642df62d84336a90d9476fa175b5	26d1ad0a1d32028a550c1ee3f32ead01791ee70186fe9c9ddba2b554f50bc75a	https://github.com/ekzhang/bore
bottom	core	8b2b3327b3e85ec22cc3151431c4056fc05a5aee	0b26fd7dff438b573ad8cd64b578fed70af1cd7bc8cf7224908ee56b08f17318	https://github.com/ClementTsang/bottom
dog	core	721440b12ef01a812abe5dc6ced69af6e221fad5	9982948905de573cfb0017163a31d84d740ff39eafb74eb790f30e3e16436bc0	https://github.com/ogham/dog
dprint	core	89ff90b3cc6f9fa211c82fb5865491c8865ea79a	cc44f0c27cf9ccece12e1097b33b0b53a9f3521d129eb7188e16f93e84d1d22b	https://github.com/dprint/dprint
dufs	core	fe7fd564f80dfbac361c8e0589c3845638149d38	114b8e0021e6630473baba623c327babd4b00c10de4807b1c97383a6fd0852e8	https://github.com/sigoden/dufs
dust	core	93fe658574b1677052fba8b042283174b0fdef49	81eee3fba68b4ef1c4b98f6aec1a199bb27d5d13cd595c16f62bda5f564e0c53	https://github.com/bootandy/dust
eza	core	471bfbc7b03cbac8c738e8d9050edb06ee79132a	0129ecd4d40b5a511c5f8ce81852171719678509ac942ea42ca9998525431ce2	https://github.com/eza-community/eza
fclones	core	a74f90d293e05856d19a4c0ac2b29b46ef16cf23	3f151455d8994d711d7576defe660d9c56e1cbac70b3dfb0781763bfcd2eed96	https://github.com/pkolaczk/fclones
fd	core	1bfeea237a48c9545211e5c21d623d398fa712c6	78893d822c41d58850b706ad9055c6b44dfe74e4a485c430e970fcdae275b020	https://github.com/sharkdp/fd
ferium	core	9d6f16a5397edbfde8cbe82c0e6657355105b7e1	7e9f3b13ac64123761a8adecd9c239d5e2ce3c2e36394baaa7d56522ab92d8bd	https://github.com/gorilla-devs/ferium
feroxbuster	core	378d75964c45db9c92826316ff631d34d59396c7	de98b15c506bd95705450f476782b172dd1ff54c316229acd55c55d756a50b29	https://github.com/epi052/feroxbuster
gping	core	edb335d424a156ca543ae61b0d79361842416fe7	3add2864c75b12c5f90912f2083182c07f326a7841114910ac8b3b9909572203	https://github.com/orf/gping
grex	core	99cc347707375e00514f938b76d885a201dfc110	efea320d0efe118ee4b68a8bfa76e40ff13e571157aec6a9baf030e89310e24a	https://github.com/pemistahl/grex
hexyl	core	6ecc29b9c8c84d08a7e860f7f69c22b113b480ea	8ea5d9783696026e5ca55d669dd91b38d8613e9fe4f5a5ad701281142adf291d	https://github.com/sharkdp/hexyl
hyperfine	core	f12f3d9f86f3643b3b7deace5e160b1f0f44d2b7	f3b341ae4c03197e61ee9e9b157c3a8669ea0cce23da68ded1e085fcbca8b9ba	https://github.com/sharkdp/hyperfine
just	core	c117d393a66cb4988c509f82df79ea687fd28c43	2ef3145629fe590fdd5f7effa0ad98de32fc65725e2193fcced44ab1d2d2db32	https://github.com/casey/just
miniserve	core	4dab4829184483e28b8a4464a3c953130cfe4592	d370b9bfaee4f1c9a005473761249395e8f2f0b4fc97bb85a4038362e25589d9	https://github.com/svenstaro/miniserve
mprocs	core	c2f76670a525b41154ac6a56cf7609f3d2a5fac2	05c51cc67d8688a1623dc9a5ec05d43c945adbc0c21ac3df4d648d7462bf95dd	https://github.com/pvolok/mprocs
mqttui	core	28c4ba2ebc69bb72a19f1efd4ab3caea04fd79d3	f6217d59c7696e33497659ce3a709fbc740b3078a05e0fcb556315c5e36ebc12	https://github.com/EdJoPaTo/mqttui
netscanner	core	7ef9b6f2bf8ed77db44ffb26ee67e0b1da9dd1f5	7c1e5538b93f1d05aaf8fd08d1b4680c63d703baa9e5f1c9c377b68315fda240	https://github.com/Chleba/netscanner
oha	core	b8cd846806b4ddefdd447f5f9f95a66ac22146a4	62f7ee12c342ae7ed405e279ce094ff7cdcca32489183cfb938ac8dc224ba478	https://github.com/hatoo/oha
ouch	core	85938c3b0df7c7c80898029c74ee7ad29dbc9c1d	f5235d29f486dcc63844f9a47613abf74a672c8cf74c7858a6745f2c66e585ae	https://github.com/ouch-org/ouch
oxker	core	66c584b7a365a601b8a5a9af3b10b9a078bfecaf	38ff2fa63f102bf0b776a1122a6438df41b9a08c60df003cb2c2ae847e2325f0	https://github.com/mrjackwills/oxker
pastel	core	01d4252aa794f1331834948f133e75c64532be46	b0f8be5e086ee80e4c3adf69df75f35bb0ae0bbb38626bcfef4aeca8bad84957	https://github.com/sharkdp/pastel
procs	core	2f21c51d83f7a5d1ee7575c62d0a872f1745d54c	b11ce74077db836c4eae88515c104717d260a0027f16e407f73f73adb350629c	https://github.com/dalance/procs
pueue	core	b3fe223ef0a3c51d95d5c6128700b79442c54af7	b2047c22103e0e8b522ff21d6b34d5f3f7dc45b08046bab3290207b85e60f505	https://github.com/Nukesor/pueue
rage	core	b5b68c4f4f7ea5c368bc060f6fe0237549c3a13f	b0a8b4ae058e50916e3361dc6cd03096b85e2d674bfa4c38605ff9cf4fa8b2b4	https://github.com/str4d/rage
rathole	core	5a9dd6d939744859af322aeff7fd60f7483a68bc	e2bb7afb31f09acba118d94bff764ddf44ab3dfb36a4a6f8ec2e405306d15706	https://github.com/rathole-org/rathole
ripgrep	core	5e16a5c9e57e81f6031a23faa2ace52205fa8242	7a7d39cda8a03930e578f1dbb724e055771901842eca239e03b01e19da946a64	https://github.com/BurntSushi/ripgrep
rustscan	core	e9dadb4a30dd0f3cc8b9b1c630a28ad351f8dbc3	bfa2dba6366c2098cb6ad84297c720367549e5a6a791f7a7928037a00ada850f	https://github.com/RustScan/RustScan
sd	core	44febdf86343c653255ae4f20f5e1882dad6be17	f39a765ca39112eab6341fb8375681f59ced014c0e0a4a1c772f6fd62318b9e2	https://github.com/chmln/sd
sniffnet	core	1402225fe7c92c1be9c1c5212ad8eaf62b99e327	7acdd9b59df2d5660a1caf7ed9cbc336defdcd8e375dbb9da056702b150f1595	https://github.com/GyulyVGC/sniffnet
spotify-tui	core	c4dcf6b9fd8318017acbdd7ec005955e26cf2794	209b6048c0beb246c6fdce62c25d17db21288f6d552e79bcbc817091ed98b126	https://github.com/Rigellute/spotify-tui
starship	core	8eb25b8130d1b7bf0c98c71d6f978224814b5208	f72c004ae944c400ec7d90723dca8d775799fdcc383eec9706154c25c2a899f9	https://github.com/starship/starship
taplo	core	b673b44df2773db8673a00df2e7654b769f7fde7	1127605b17c00987c3a2fa397ce14fad51d46ac9c3c4b42f2a1b79e41a95ac42	https://github.com/tamasfe/taplo
tealdeer	core	f8a2003bc28a67f8f17809699716c0d7b92b479b	1469f44b1b84989ca06c51b09afbf2bcfff8ba7555fc311034772b074c28f930	https://github.com/dbrgn/tealdeer
tokei	core	fa44e5194060305576514d59b850353643afbfc8	20691d68bf9c3862a80e5dbb6aae0729469fa5d86eff884b682f028877389e95	https://github.com/XAMPPRocky/tokei
topgrade	core	a37240aaa0502f0060e8f72080717b2c83544071	a08040fbfce4d932c62fc07c6e54de2ade1cfd69a9353113f889194ebfb378cf	https://github.com/topgrade-rs/topgrade
trippy	core	4b2351b1b30813fc19a1037cfa86fe0b56a567a3	a547298c1d0984328b82632c04c8f7bc6e4c40927122e757883495c62be475e1	https://github.com/fujiapple852/trippy
typos	core	3bc303c295c081add5df4a4d52a1e117f2fb2dce	83b73b5e4fda47432f7914ab5ed9d19b5268f25bde0248c4441ecc87de08d42d	https://github.com/crate-ci/typos
websocat	core	aa8fadaa212c2287067b722d4440b4f4118b39ea	3e81c254f4c402d82a1a80a0b783f53e0cbe14e74122c0ed72591a9bc0b3eeb8	https://github.com/vi/websocat
wormhole-rs	core	41d78aed662d29729c98ac5715d7e413c139e18e	791c1bc91801ccf9abc778d2de947f8cd5f1fcb537cb5ba88e0cf17e02ae0c23	https://github.com/magic-wormhole/magic-wormhole.rs
xh	core	87750f24ba910d3191747b54a981c9defffddbe1	0008d18e6bc7b9be30416ee643abf63736180105d99f23f59bc1bb02828031ab	https://github.com/ducaale/xh
xsv	core	f4304660231d7907798e831411871d2679d335c3	357c1439ce5152f6e49f3f41e77a99f69ee0a74b00d4559d08dda1042175b69f	https://github.com/BurntSushi/xsv
zellij	core	cab75c58fec089d7ee97c0e7ca1abafa9ef5e33f	cbc74ecf10295064f9ee4c78364eac4fd6195c0b64582e4c9cedec536d235323	https://github.com/zellij-org/zellij
zoxide	core	670bdf21b98fea0d82c5bb609665f2edf561d6d7	f2fbfa16c8172fc60ff86db2342efc1d0b6fa5131b8d5c26a59c7faad720d167	https://github.com/ajeetdsouza/zoxide
broot	core	8bcfc57c39bd558805d77dede44e79b0f3924830	4157d05856433e2230916e27c7f61dd625c07874157875fe043aa087adb7da33	https://github.com/Canop/broot
choose	core	f1c53eef5706a767b7327889c2bf1c09a3c4006e	d1a1a6890495bf0ad2da335c8676c3a5c92ffc76d6aff04a5474311ff21a1a01	https://github.com/theryangeary/choose
cotp	core	5a736453f2c119ab5365441768f9de61a808567e	7943a713a2eec9278903f80b9bdc7a4fdff8874fa37ba050c56553a19d6d1ca6	https://github.com/replydev/cotp
csvlens	core	6acf0606df0ff4d58f3bf5d87795dc4cb4a64a5d	cad16092e79cfbdb878b9a7ef502cb0ef8c8572321e4821df15b89bd73d9e876	https://github.com/YS-L/csvlens
delta	core	f85c46ba8b913aa3208af0f3573db90286e56e18	b9535da611c128891cc63d3869532c863e7924cbcd21c559992b5b7f94e7aa4f	https://github.com/dandavison/delta
diffr	core	2152742e90520c5be32fbec3fbbfe670f3b7929b	2fa1e0f949e43d0ad358f91e1f6acff8380e610c65d6ced5336a134e16909f0e	https://github.com/mookid/diffr
diskonaut	core	65cd829069e275dc8a3e4493d0da7f8f08055d82	b1e753f612599ecf0e3610acc78739fdb43f6b8c92cd8a38baa144eda94ba891	https://github.com/imsnif/diskonaut
diskus	core	90196e950017d25b2940e8e0fda51a321ca66e1a	8a479eb5d9a18932f30aa4eb3da79991194197761a32568fba02e002ea04f79d	https://github.com/sharkdp/diskus
dua-cli	core	e5b1e89afe554430789d228d8c32f5aa12930a7f	5c1cf842197a8a06ee77cd4fd8607da05fca9a348102a517108cd19a18e10f39	https://github.com/Byron/dua-cli
fend	core	609365a78f4de09315a20d8d5d502bd0f7c58fd5	d21ecb40e41fff90c45140389d522fccf13339fbe5289369b64d9b3ede2d0651	https://github.com/printfn/fend
git-cliff	core	03a9c8026a25a3cca10441c910197eee20eef7a8	0bba8c0539b9c9850d2d7b85b346a9e0db351b6927d836f40dd9f99deeca91ee	https://github.com/orhun/git-cliff
git-graph	core	c1af89dd79be5947d6a86c2b5b80cbbc2689dead	e27069f8e63d5b86a47e0de0ff95af997008f2acf03ebbad8f43982001127707	https://github.com/mlange-42/git-graph
hgrep	core	4cef8b4426ec562f61d193adce45fc9689df4d7e	1048833f576edaece11484aae676d9ff1cc98d473caedd5a0aef6fccacd3e899	https://github.com/rhysd/hgrep
htmlq	core	bfcb1d1d11a80fdd92c0dace1e7e559fbdb225cb	765b2bad3f0eb55325e77dd26c54de4490002794bd48ad0e7807c4eca747841f	https://github.com/mgdm/htmlq
jaq	core	b3365b2aea557140b6160fd846a85936ee71c849	11540db8df581e5ac9dbc711e47102bf38ab2fcc2bec6e6719ad7a6887159803	https://github.com/01mf02/jaq
joshuto	core	d2581fb06581d12c0274af26f828b5f3f2a6c726	179d32394912de6a2ccb311f24b63dc7974f90253fdf9afee59230600c73d354	https://github.com/kamiyaa/joshuto
kalker	core	a756ffc76ef083032c2972d73bc3104919fb1f4c	216b03658c298468c68235a02c084e77aa47989a382553ff711ebf96daa945ed	https://github.com/PaddiM8/kalker
kibi	core	f63059a2e76448ed3410859aa319656fbc4c573a	a8cab87209278388e3568327ae1ea7c42eb8546a18a0861cb4dc5b3685cb0461	https://github.com/ilai-deutel/kibi
kondo	core	1d351ca80b3d3adfad9bbe7db872c27359190210	17cd35f069fe8ac411d74b64a81d893225ec7571432600f0dd7234aabc2318da	https://github.com/tbillington/kondo
lsd	core	fecadf36235be734b3fd97c44e237f3a29eb1073	40f5a2d510335b7c6191cc33cfdf07f203600e6d6d37c9d35f274f985089720c	https://github.com/lsd-rs/lsd
mdbook	core	8b53f1b1bbfef0f3eb0e3dba69187765e5c38cd2	a4ffd2c69a8660da568a185788df88824364b4386403ebfe1e03e556538a8f4b	https://github.com/rust-lang/mdBook
navi	core	1ac218cb1e0e80649ef23c8a916e67efc3086833	7734e0fe2109a14eeb973dfd1d634ed80448fbb5cb9cbe7e8b17b24105f74a3f	https://github.com/denisidoro/navi
numbat	core	88b2e81a35d06942101d74e9b368081f02555f4f	e7ebbb43e052578fe8aceebaa8c3bb6f9878d19d3a506359e682d1c0a4847ae1	https://github.com/sharkdp/numbat
onefetch	core	03354b9903fb42238bd533fd38e2dd92a22a0c73	964a6fb65159af771bfae1f1cb4e68be854bac895112c6151a06fa4968615231	https://github.com/o2sh/onefetch
oxipng	core	7b521f5b8438e8e53201aa7f02423c91c764484b	fa6200a518a0c532d5e5d3107538499deb016ac9fffc66641023fb4543856b76	https://github.com/shssoichiro/oxipng
presenterm	core	5f8add11a24af9d257fd18da48c8004dd9c516f8	459b6bd82d21a6f04febc96a7e68782b7568a3372b40602bac9d087054eb9ff2	https://github.com/mfontanini/presenterm
rip	core	269f486dcfd56d2bc8399426d9135120b33ac99f	3b576feecc7c2f17bdc1ab9bc9c6335bc8abc5f1db310ed7904ab47730630649	https://github.com/MilesCranmer/rip
rust-parallel	core	777ad2aac04f1f4c606713ab27c6617435c38045	7640fb256bdfee4cf9304c37bf3c50b5d0bad450e3cd63dd508d66661c0b20b0	https://github.com/aaronriekenberg/rust-parallel
rustypaste	core	f9315d69b0988ba2f54cb3ea5374609610e2438a	396ac3e562ce45303db5090a47182dcf8beabe5b2583e828ccadbd1b4b72359f	https://github.com/orhun/rustypaste
sad	core	4df03aebb22af23d54fb83f5d864223c0bd8c413	3c635268c40b9157fed0ee67b16530f2b07ed71f2dae14ac68d8f523ca1b094f	https://github.com/ms-jpq/sad
serie	core	fd7972e3ef12f2da3c05b833c8affdd2bb8a99f2	e71a02d52da36deb65287b09ffe730b5619b65e58c89d0205783c4a04a1573fd	https://github.com/lusingander/serie
skim	core	c4bc5e1be48367a7fec8a90b0e2550635eed7f3d	e96b38cb144518bf18cf5e693b5011206bc745f736621a3e73448ad5c281d8e9	https://github.com/skim-rs/skim
so	core	4969956b4aab1bb3aa8705627f71a1ad269ffe31	d597de02c53edaa03009c08f267442d4a0c82f0e159b0ebb264f41d40b99d7bc	https://github.com/samtay/so
stylua	core	5ae6e7a55748414b4be30a832afd895014c65352	7966ff716a73d693b8b81c3aeea00adf09f3dd60599931ac0eeb55cd8dc9a3f3	https://github.com/JohnnyMorganz/StyLua
tre-command	core	a813038b1c0e52cbc6ce44a28bc828476f161585	d39e54a9e4e9a1400870928f7628a2c338693803e15de7a71c75471b551ca26b	https://github.com/dduan/tre
viu	core	5733be5f8b18c54495123725e7f13cc5ec23ee68	0285a2ae1e4405c1923a1149471d7a2a051397d93e83886edf12f24d3540d0b9	https://github.com/atanunq/viu
vivid	core	165bbbbe9613e4a8b2dad781c8ff1e34fd052d0d	da32f3d0c8be58b2ec20c104b62fccb10a81a94e63451bec22331e454408bc90	https://github.com/sharkdp/vivid
watchexec	core	791a65da9b0d955ceaaa417c41878b9c17ac04f2	b089eaaa60567d17f095e5bb0493a05666e0c7076b01d1262c073eb9137f7c31	https://github.com/watchexec/watchexec
xcp	core	c71fe85c282a97fff69734809920c843a4551872	d6dff8195cc2241bb2762f2f29536d51bd120b5ba321339c6285f9a0bb378d67	https://github.com/tarka/xcp
xplr	core	17510651bde9403ecd3903610c61bec2c3e828ae	dbf816b2efae6963edc98fe3c0a44e9208099efe47058371fd5311cd9bc98b96	https://github.com/sayanarijit/xplr
ast-grep	heavy	6cf4957f5151ec68c4434127d4d9cc0f35992a87	30cef763232b925fd4094223d6c534ad9b268532195c990af7a6dcc2b7cbf606	https://github.com/ast-grep/ast-grep
atuin	heavy	905a0e752dd2aee2daad6e5b670a4bf7d6295e36	bffcfbbb95a3120104c1ac55482daf666e2c3de9232b269e6bade0118129f472	https://github.com/atuinsh/atuin
bacon	core	69c020dead3825ca93882eb641233ac446abfa2b	80e3964c085121784395b86d55acce2b9d14e12f25bc4c1292554fe51ee4c137	https://github.com/Canop/bacon
blondie	core	d241bce21cd5f81f1f0eae1aabff4dadd8c556b0	0393d53be719a8daa4f2378b5730eaa6e0ec69404a096589197e1b00cbcc685e	https://github.com/nico-abram/blondie
bob-nvim	core	b1143ed29aeb6e74dd6363a172f5427f1b2e96b3	473cc7072f01ad21c20ca4fda4f836cef2f8f291c0ec18f8041d01090b013a16	https://github.com/MordechaiHadad/bob
dicom-dump	core	df2b9e4236298efa3fa37a1f360fc4bf284d586a	e22cf9368416184ad4cb6348b4bc3f697ea3de8d9d1660b2ea025c2eb210c77d	https://github.com/Enet4/dicom-rs
difftastic	heavy	ae8c26ba16c1cd42899c4ebec0cd9cdbc8b5a5eb	46f0930a261d4586288a29d03b750b2f07019da24e83f278ef970136eacceb8d	https://github.com/Wilfred/difftastic
dify	core	0e5f1fa546d7cd134cbb12cb019f337d36a3a053	a5b0015b93fb0478292a7cf87d40d6891f3933faf0b68c40a5f7293a57d41fdc	https://github.com/jihchi/dify
espflash	core	feb3cc7698b3ab7eb27d492b52888805bce1d53b	314cbbd1d551b579b3e81c49926fa217b590e97f0086cf4a59638318fde5d87c	https://github.com/esp-rs/espflash
flip-link	core	b74f61d43598c61216d034b83a85ca1a2fb53bc6	cf213cdb497da668be95269c71e786b65d609b9f378a3aa0716787d4df9b12cb	https://github.com/knurling-rs/flip-link
genact	core	75b4e67333d4421f536d57541e5a8c1db76849d6	2a63692708bd743df8b066b3c4d346b0a0f9d4e8b648d10ef3896318aea02a60	https://github.com/svenstaro/genact
gifski	core	61ac230f65374c70f238cb35f9247cd22b4672f1	a2111a8f4009b4fe8591114170bcb1b482542a63cf2dbadec2925ca13200261e	https://github.com/ImageOptim/gifski
gitoxide	heavy	e3a6fa1516481ec69ab00cddcca081ecdc52b4ca	9329b8c7ac6daf2c3f7e64aad2c88515033d2c7dd9f5e27352e021d210cc61c7	https://github.com/GitoxideLabs/gitoxide
gitu	core	53edd1c35ee8aa83669afe3300f1a28e0e938b66	98839437180abe09290d716989ebbb8ed972a666f761c694b5d114c40488430e	https://github.com/altsem/gitu
gitui	heavy	2fa693cb6ed431b21ebc300dd02e83c2476699ce	d3cb5447849d9b6d70c74b82db2ee8448b9d9372c3939174c8717c0c58b813c7	https://github.com/gitui-org/gitui
grass	core	a58f10afc59f7881779c609b256e9bda2db4cb5d	4ab0ccfb472d6a7c26fa0afaea4d90f5459eaf9d7a161a5e65f78d53cbe56b96	https://github.com/connorskees/grass
grcov	heavy	6efbc1d7604a22fae6ba145d1c3637f0bec7b1e6	fd78170972540ea4976a991c78a7b244a42e99d4e4eb9aa06e6e011ca287ad96	https://github.com/mozilla/grcov
hurl	heavy	f0001cf9e1a048a9dc777e2354010d455c069b55	d8d2f62fb84881a3317071c1009dcf0428ce1747d1b5a217ce560ce1cb714173	https://github.com/Orange-OpenSource/hurl
hwatch	core	aeed51e5e5d138880e2a473af86effa42bfe3ce6	8ab958283256bdfb9e281059d1ab44163e016d1c12ed66dee46d4c8b906bd588	https://github.com/blacknon/hwatch
jless	core	e6cdef719c7319020391d6bbf838ab272ce44cf0	6a580570f2b17d839129b29604a60b0d4a19328e1370e7516c82040310b69f0d	https://github.com/PaulJuliusMartinez/jless
jnv	core	f25b1f0e78e909da6ebbd5c74a35f11e6c08e987	e82c655f134d0b3a7e6c1e22408d30736ae11d3637c9f043501cd3797593eff1	https://github.com/ynqa/jnv
komac	core	4ab48e7893b024d5718030064cea38239819108f	83765ed20c9e27ce98258c37c3f2eaa925ba2aa3f741add79f93c4388a8da277	https://github.com/russellbanks/Komac
lowcharts	core	3e47c2cdfb890c1b4607c6a5a2555bb7b3d72662	f7b62259bb40015406fcd45a9905e14310460e43a5414a177a52ddbd964060ef	https://github.com/juan-leon/lowcharts
maturin	heavy	479658ad9bce22c6e4955b2e47182111c166e37c	55cd5302953baf66ef08c5552c2294944dfe65251bfa51370be83370848c6f56	https://github.com/PyO3/maturin
mise	heavy	6a13eb5d3f760eed673f34e182acb418c21dca6a	98b195b9c34a28f184ef2a2c6fef30b386c6106acfd11775239b0d9ced05e010	https://github.com/jdx/mise
monolith	core	a6fc8d009514b2ea271dda2539f19a1f479ebfab	11bedc2d0abc8ded88f5b811cec805d953926fc1b2e06c00ec0b7e8eecaf9153	https://github.com/Y2Z/monolith
nushell	heavy	a854062f550a233ea8a3012d41634d07e3600f1d	eaa3050cd7540e061f660e419387a013b785666ffd1b288bffd64f26dfed1822	https://github.com/nushell/nushell
protofetch	core	38358ab2d6a1c04b4d8413606562d06f7e7f486b	a09273cfde0467d4486478dcefe68747e65beb892000041c952dfe5ca48c41a9	https://github.com/coralogix/protofetch
rink	core	abf3042c05988beee0d61b37b09f85af6beb4c46	2c3cedc807d62b27df3999e2693e2decf116ef7f253affd430f7a479d8967d32	https://github.com/tiffany352/rink-rs
rmesg	core	427542802320aeaa2e0053c85f20fd0073b018bd	56250f0880d876109ff85b712d2e27c5d258fbd6fda9091d2cb3f39d9fd82e91	https://github.com/polyverse/rmesg
rustic	core	6b96f976ff437a0528a4742358b172b32c3e3932	0446331187440b8e5971c1537eabb5eb82e22896e64ee592f2e2db89881aa84a	https://github.com/rustic-rs/rustic
rust-script	core	99d2c790b303c1d75de5cd90499800283e4b9681	490ef83683c41e138f71ec23e71c6e51502e1e65af1dc1e2dda0874ed93bce25	https://github.com/fornwall/rust-script
sccache	heavy	8ab39266246b26d736bee44dfa313ab0d5fceb1d	d51c507309dcd05c22529bd2a48a7dfd035f7b96ea7c6490264d53a5c45bad15	https://github.com/mozilla/sccache
silicon	core	adf96cb7a79f90f038c2ef6a219e4579b3d445fd	d13d2e6772778700c2d33b81aa701f8753627c77d26f6ee71f3c9614dad082d9	https://github.com/Aloxaf/silicon
spider_cli	core	15bda3160d93b083c0f602310744dc9a7a249141	a159ba99631268cc9e0482d5042391fab5728f388b6f92c0c06c43773b4dea38	https://github.com/spider-rs/spider
taskwarrior-tui	core	cb5a1aa54572e34b40196531cb40ffe9da1b2f76	905b6dec5f42b22df8cadb8c0f5108ff729bd9a311645390b60df67a970a6050	https://github.com/kdheepak/taskwarrior-tui
television	heavy	88972b113c4bfc8e04f9a8a4d6cc6f12900d53f3	3bce946ab9b045ec4269173b20f14a9b4484e770bbd4d05d5d087c656547e55c	https://github.com/alexpasmantier/television
tokio-console	core	b59758e5a6effe3a9df3ec84a2f28d319d178234	1d82bd1a6ec6ca643076f202c10069fb5e9da4c7900fe4353574c6aadd435ec2	https://github.com/tokio-rs/console
tree-sitter-cli	heavy	664e9a678667302fee9c705103072119b4fd4845	6c00c0b2b5092aadef25ff634c45d592a41d52c8ca99e29e97ac3404c8bebe14	https://github.com/tree-sitter/tree-sitter
trunk	heavy	7403c41cb4a58a25f1f845056a7ae3fabe2d70b5	d1435c465739da251ba60f0dcce25a0d6e04286d4d6000c56a51919affbcaa1f	https://github.com/trunk-rs/trunk
tuc	core	00bf52678333e49f8bbbf604c776cef5211ebf5c	4221f952fba7de9c5271cf67512e75e310bc5c0db64977592c487da3da533473	https://github.com/riquito/tuc
wiki-tui	core	c938050a1c3845e356ac757faa838437480c6657	250ef6ea46df30fca9f917a55b55da8430d869796f4460e1596fbde97bd1d7b2	https://github.com/Builditluc/wiki-tui
yazi-fm	heavy	faa20dfb9bebe02dc38549ac7b95d5e480db3581	27239cc3c56a4ec8f86d5cf32692db230c596e2a2cec1e670c6edb919aae8108	https://github.com/sxyazi/yazi
helix	core	079a789e8cb08ead67f19e1971a1b7438b37354b	eb3da1d9a4512c816993a67aa58c37fef09314106fe2a39ceadcdaaea2d51e2f	https://github.com/helix-editor/helix
jj	core	08f5df7697dc1f0fffd5bfe698f5b9fe8928b300	18d2e392350652ec4f1578e8e17c285a14b217b4033601704e7cfd5ec7f55824	https://github.com/jj-vcs/jj
alacritty	core	ede2ac144da4dec4c075bfa803aacf3b3739bce6	ffaf095c1bfa609f23edb8a83da241918918ec41257000a4d6c0461b3192d2f6	https://github.com/alacritty/alacritty
qsv	core	fd49694222a3969d56a2c8d3988dfa71b4784681	96849591cf7362d9f5f4b950857e3274387912164fa0d04b7cc8c8dee92be006	https://github.com/dathere/qsv
fnm	core	86adc9676ceb2a509b21e75e74048b93c89f097d	f1a6732a22c3aa844cd87c5e0609d836613e173d7eba5d8826ec80c62e599d6b	https://github.com/Schniz/fnm
mcfly	core	fc6a6498c4590feb9995c8ab1324f2801bc22975	ce112dfdae5258f7cc5a2133f7f393e5525fb8798fec408a0c3d4fefbb12f292	https://github.com/cantino/mcfly
zenith	core	3862024cd16d95e87b9380c0826e059bf7e689cc	c094e74498bb8a1a22d5aebb6b29fe045944dafea6c34bdc02e28c79d0eb524a	https://github.com/bvaisvil/zenith
kmon	core	4611a8a874e07412e1b99f1ee6de48717555b688	5ad311468f55474ea082e00997be283c57d7fce618fbceca8eb58af3138efa6b	https://github.com/orhun/kmon
systeroid	core	ecc9365429ff1564c485a37c2e477723865634e1	6b2677ec7856fb2141c1b1ab27c5931d2e45a5f57dba2235e03c833755558839	https://github.com/orhun/systeroid
git-absorb	core	debdcd28d9db2ac6b36205bda307b6693a6a91e7	a98e6f8422a56229573756aa4ec1e22f1be134116fad2c2e1d536a9ffbef9223	https://github.com/tummychow/git-absorb
cargo-edit	core	138d4e2948ddcbf249c31c584b02e1b161a86221	f0b545e6b3a0f2698a8f7a172085fb053b5ccc1d06b6e893bf0a29dacacbc271	https://github.com/killercup/cargo-edit
cargo-nextest	core	89ca0de9d4bb90dd8669482d82044f4a3ad00b91	b0ca79c1102b25f7ba24e858a9a62ca01696e27f8cbb545864c058e4d42f64b6	https://github.com/nextest-rs/nextest
cargo-binstall	core	5aafaaca52423a22d83a812fa3ca77492e2895db	c92534d7ae2a4263e8a741759e3d5176d625eaae4bcc88857d7526b5e8928de0	https://github.com/cargo-bins/cargo-binstall
cargo-generate	core	2067dc7ce78892cc9d9ec7feda0f3496e374b36a	c47d8328ac1c3edea92e186cce65b3a8e8cc9f885afb26463a4bd4efdff46c53	https://github.com/cargo-generate/cargo-generate
cargo-deny	core	f705aa256cd508be5844b54181f76100f3bff3a5	27f5f24f2013fe972a37f1a691567ad45b357f6e43ebe8ffa7490ec3f3a0ae4f	https://github.com/EmbarkStudios/cargo-deny
cargo-outdated	core	a478624f7f23a1a44c6587ae22fec1ee5f214f1c	7b2e09e52d894d9938609235df178965d46f2d32138c9a18a7f82b3867811214	https://github.com/kbknapp/cargo-outdated
cargo-watch	core	58e792b99fade3b0c0ad198fd9627dcd4817eb37	038b4f2883f25660e40cff3c2ffa529fa8d88f46bf977d51b7ac2b7fe7e5cf7a	https://github.com/watchexec/cargo-watch
cargo-expand	core	28af169c6922e367acb11042479b3df5ee9c5be0	22ca8c550847f67e6c8ff97a99db304e572800a0de4aa2a947ff5c26af2c8312	https://github.com/dtolnay/cargo-expand
cargo-msrv	core	bf4b5f41109fc5ced7dd8c15d3ea00c499da0cdc	eb6d09e8be5b6378b08b4460f07a353db3704621e72fec93d11e24f31cfbb0ed	https://github.com/foresterre/cargo-msrv
cargo-hack	core	4aafcb8c1c687d59b8028df8a2458801cce9a482	d84650890853539d86d370fcb6379888b431e43ad65227b9026447c582a5570c	https://github.com/taiki-e/cargo-hack
frawk	core	d548b159a5a76c12de508f8bf415fdc09e609f0a	d5298aa10dfd1373895778c9ee4b4e86fcd0b699c8172fabea0e5dcafb43c5fb	https://github.com/ezrosent/frawk
huniq	core	1078e77688187e8979499c93cab3ac5eedab80a9	e867dc0f7d7f978ee6a0414fb138f9f53d8558e8bfda968829d66e58b30a12ae	https://github.com/koraa/huniq
csview	core	d674cab791bcd545b96ad2f5526cfe0e51d50a3a	aefc15500a21f5227a11fece3580c31b417f04a6962245cb4eec2b84ccd3ea85	https://github.com/wfxr/csview
macchina	core	c049088c20ed90d0993c9fae0c6e09f22dbea0dd	20350f3f5c17197d20a81a26df6fd2ef448a7ff5f50e579ad226e805425087f2	https://github.com/Macchina-CLI/macchina
ncspot	core	cd085bfd2e461af0cdfb5e667211489fc4f82ac8	2e0378bdb374f9f84df847e8ec71fdfbc41ea8a66df552655a83a41b9418bbe5	https://github.com/hrkfdn/ncspot
tere	core	3c63ed36d1bc6f1fe74c7fb2122642bbb5107b2d	2302b54f21158f102c8fde8252423d9ed9936079ede110a75d09002f38ca7b9c	https://github.com/mgunyho/tere
felix	core	95df390d883c5bd709ffb252249e78af2082d5a3	5f861e729bd5808444cab37c9e8caae9996e01b43a9477cd7395549aa7c4b436	https://github.com/kyoheiu/felix
nomino	core	f892499a81cdc49e696c83ab13c231fed2fced6d	c0832366fd4f843c5bb98e706168f9831e9c30f863c66399a7785dd9f0bf1be5	https://github.com/yaa110/nomino
rustcat	core	3f80eaf968a4bf046dc329acf9a6154f388a5f79	33410258dafdcc6adf3c6086d77bd976dcb20a3c466ba6b7b9ab81d0437fe3bf	https://github.com/robiot/rustcat
httm	core	e4c4c624f8f4fd7f1deca5b4f13fb20b074e0f4f	9c80586a901a51566d2ca45a8487141a55c798b11f79aefc6fd12a021b27105b	https://github.com/kimono-koans/httm
thokr	core	0ebf43b7b1938bfbedddc4fe7ea7f796b1e241e1	a6fad226002f313fd9afaaa8b1ce0c44165097b7bf2ec2f4d0a91874b9dfcf0f	https://github.com/thatvegandev/thokr
ttyper	core	e218bad9d5c546ff31c1b2a141a42c2eebf50d23	b273a8d13b33670b77915adb409f11bf354770e103ad2ac4d0641c3459e53ef1	https://github.com/max-niederman/ttyper
aichat	core	82976d349ad97ac9aae0655ad631dace5e2a6385	05ea94105d29d0e0393cc4e2bbe62213b93cb3a8abe3abd92737dfda22a12763	https://github.com/sigoden/aichat
mask	core	0ba24c1eff6a48e58e93f13ce7b633db7ce19458	c324096fce82da0a906799f2b9b31f382da8723ab9db70185e2457ca8f482a64	https://github.com/jacobdeichert/mask
amber	core	2fc63dc489397795d9b638c098acb7e17323d80d	03efc1ea3d5402be0d696c9fd794389285078a643cf99186f0937e2fc1988fde	https://github.com/dalance/amber
bingrep	core	99d10541c7d442c50f732e62c507f1d62001413e	2502326d4b68d6a004bf51f15e34258e0dbebbf4f94cb1b07766197d58193624	https://github.com/m4b/bingrep
hexpatch	core	ca04a37690326cd09b0863f85c6e11215d8dc942	fad3c048a77c8e3e27a6514b92fc5179e3f9ba5829a34b04a9d27adf90f76ec0	https://github.com/Etto48/HexPatch
rnr	core	111c425a8110072e7eae08266ac57df0b6f2b664	eb5079dda02da6abade0c21cf19f13c76ac89f82e8541aabdc5577553f120ddd	https://github.com/ismaelgv/rnr
atac	core	df771b67c10747a08fbc39fea1466e3a24d26a7c	eb09047e27d468049500e2518fecc4011700dbd06843fd11dabe6027dcab4e1c	https://github.com/Julien-cpsn/ATAC
russ	core	e92fb5ef21bc920b16814764be1934664f17f996	acc4cf805e9be172354be22057e28ad4d588bd08ca84ce6b3ddd02493bf4dc67	https://github.com/ckampfe/russ
serpl	core	aff9a23223b51b320b6d1f3143f67261c339f4b8	e3a8da8c7b8fbd482a4f79e0af221ac71adbb9b61a4472ebe431e6e2f0bbb5b1	https://github.com/yassinebridi/serpl
toipe	core	93a0fb69b6ee70fc66a858add92cee5177cc42c8	df831059198562e3b9b5bb56e92d9443076cec06c08b89026ee55bae7d71049e	https://github.com/Samyak2/toipe
tenere	core	f6e1ba6734258e3fb0d81778d5ed7d9685ed5bbb	f86ac57cf144e67a2df1f4c9656eb31689cf87a9a89fbf389b4cfbf1277e2f86	https://github.com/pythops/tenere
