helix	core
jj	core
alacritty	core
qsv	core
fnm	core
mcfly	core
zenith	core
kmon	core
systeroid	core
git-absorb	core
cargo-edit	core
cargo-nextest	core
cargo-binstall	core
cargo-generate	core
cargo-deny	core
cargo-outdated	core
cargo-watch	core
cargo-expand	core
cargo-msrv	core
cargo-hack	core
frawk	core
huniq	core
csview	core
macchina	core
ncspot	core
tere	core
felix	core
nomino	core
rustcat	core
httm	core
thokr	core
ttyper	core
aichat	core
mask	core
amber	core
bingrep	core
hexpatch	core
rnr	core
atac	core
russ	core
serpl	core
toipe	core
tenere	core
